iso3_code,continent,y_2023,y_2000,log_start,log_end,growth
ALB,Europe,687.8942789950452,182.208639843467,5.205152403259583,6.533635161874395,0.05776011993977444
DZA,Africa,233.3794685498808,131.4938311793074,4.878959939333481,5.452665749187438,0.024943730863215507
AND,Europe,3605.1978812378584,2355.825709824689,7.764646564880826,8.190131938985937,0.018499364091526586
AGO,Africa,76.07118313175188,39.02232226579569,3.664133848180457,4.331669522085997,0.029023290169806096
ATG,Americas,841.244299020612,833.9948281597628,6.726227201092232,6.734882104140269,3.763001325233169e-4
ARG,Americas,1456.9860501533783,958.6713514744825,6.865548316956245,7.284125231786555,0.01819899629697
ARM,Asia,761.5494355875327,79.22952513114896,4.372349021410646,6.635355088924784,0.09839156815278857
AUS,Oceania,6925.715294959382,3785.9407453919544,8.23904968066738,8.842996617412206,0.026258562467166357
AUT,Europe,6249.406986628698,4379.24310675208,8.38463118176009,8.740241856089444,0.015461333666493637
AZE,Asia,304.66029797907953,57.44053541809765,4.050750246042236,5.719197378778974,0.07254117968420598
BHS,Americas,2262.337193946525,1425.6264162259877,7.2623665864452525,7.7241537145082715,0.02007770122013126
BHR,Asia,1170.3038339018142,939.6242100191954,6.845480018756766,7.065018681174512,0.009545159235554155
BGD,Asia,53.46432593722638,14.636881667946023,2.6835444850219092,3.9790146265770328,0.05632478876326624
BRB,Americas,1286.4768201008728,1149.8806932151738,7.047413470945124,7.159662613759922,0.004880397513686852
BLR,Europe,554.4180169484836,165.5570119188209,5.109315618389687,6.317918945450967,0.0525479707417948
BEL,Europe,5912.3101688998995,3509.640815402795,8.163268979429581,8.684791925544781,0.022674910700660852
BLZ,Americas,309.40798273437997,199.83574137055643,5.297495735954828,5.734660738499023,0.019007174023660627
BEN,Africa,46.528224480519086,28.11786919879937,3.336405288779742,3.8400591065323053,0.021897992076198407
BTN,Asia,162.1967988232842,53.728914342679566,3.983951298742426,5.088810405501871,0.04803735246780194
BOL,Americas,255.04104385107178,101.16279700658255,4.616731070753085,5.541424488485067,0.04020406164052095
BIH,Europe,772.8856459907774,259.76313299123973,5.559770188821485,6.650131102315034,0.04740699623884995
BWA,Africa,489.596850806889,329.59595299382926,5.7978675194217955,6.193582299001958,0.017204990416528787
BRA,Americas,1009.8356799688765,634.8933394580678,6.453457015426886,6.917542903499225,0.020177647307493003
BRN,Asia,733.004647842415,1014.2270846937579,6.921882108480332,6.597152042715682,-0.014118698511506537
BGR,Europe,1258.0933147655624,351.00959997254193,5.860813573440974,7.137352611588546,0.055501697310763994
BFA,Africa,71.7345499157008,21.286572868842068,3.0580764921967636,4.272972499267072,0.052821565524796034
BDI,Africa,28.140287895378663,15.018820750065467,2.709304131274099,3.3372022824575995,0.027299919616673933
CPV,Africa,290.1259199974041,91.08567895593855,4.511800590546668,5.670315035627588,0.05037019326438786
KHM,Asia,114.56296032250259,46.18239330252479,3.8325986281036957,4.741124543682436,0.039501126764293064
CMR,Africa,79.09996624519758,60.3331596013686,4.099881863058243,4.370712448037709,0.011775242825194168
CAN,Americas,6065.587839892872,3763.1775441845593,8.233018971033587,8.710386739994311,0.02075512038959668
CAF,Africa,53.81136229349544,26.735976495364056,3.286010092714563,3.985484639915588,0.030411936834827187
TCD,Africa,47.438928813360825,26.685635910384175,3.2841254397580775,3.8594431746149978,0.025013814558996535
CHL,Americas,1736.5205043579329,708.23160480662,6.56277116563294,7.459638679979624,0.038994239754203644
CHN,Asia,769.8035310018586,103.47121073305306,4.639293416843974,6.64613532774723,0.08725399612622854
COL,Americas,571.1549610844769,232.33919682310636,5.448198359176136,6.347660558274556,0.039107052134713924
COM,Africa,102.23101857812894,97.6086667970145,4.5809662886263744,4.6272351403124485,0.0020116892037423516
COG,Africa,75.55331967890487,48.83312504597105,3.8884088745096985,4.324838627910984,0.01897520666962112
CRI,Americas,1163.3023266354928,600.1715035218242,6.397215453574945,7.059018072851231,0.028774026925055915
HRV,Europe,1562.9166643797464,866.3171763958443,6.764251096006294,7.354309011264749,0.025654691967758898
CYP,Asia,2045.9406042756698,983.5647592660372,6.891183481381804,7.623612915921894,0.03184475802348221
CZE,Europe,2662.1068485515184,1109.3125818748113,7.011495806855367,7.886873136598636,0.03805988390188124
CIV,Africa,87.68105771570623,67.88399580917448,4.217800304413917,4.473705886490381,0.011126329655498462
COD,Africa,23.431488785750936,5.659795247036871,1.7333877161255629,3.154080792359774,0.061769264184096125
DNK,Europe,6511.921630066337,4462.170724736265,8.40339063619154,8.781389872914986,0.01643474942275849
DJI,Africa,77.57084005174853,62.06218258375573,4.1281368273311765,4.35119158403997,0.009698032900382335
DMA,Americas,492.4561594190792,388.4901575122639,5.962267834898009,6.199405440241987,0.010310330667129487
DOM,Americas,488.8727649722338,242.9828692330729,5.492990943872281,6.192102261287644,0.03039614423545059
ECU,Americas,509.49414806983924,154.16609197971235,5.0380305405782595,6.23341836696353,0.051973383755881335
EGY,Africa,141.41111222878348,83.62381387066908,4.426328334439508,4.951671337565491,0.02284100013591232
SLV,Americas,500.6949735007982,279.7663969886442,5.63395495848113,6.2159970803416265,0.025306179211325927
GNQ,Africa,233.6837959068503,71.7886442509681,4.273726305481362,5.4539689019857684,0.05131489550019159
ERI,Africa,28.297823986853928,31.730442366862196,3.4572765470945863,3.3427849107690437,-0.004977897231545331
EST,Europe,2251.2044010805607,774.7357843728885,6.6525220478359355,7.719220641351355,0.04637819971806172
SWZ,Africa,296.04562110099164,105.50913348308826,4.6587975224682845,5.690513567789158,0.04485721936177711
ETH,Africa,34.798469259109154,15.688782482529868,2.752945965424914,3.5495733990057725,0.034635975373080795
FJI,Oceania,212.88709142798618,142.34058570719114,4.95822267670874,5.360761937970986,0.01750170701140202
FIN,Europe,5532.467208723324,3129.7164951037335,8.048697702787713,8.618389144880677,0.024769193134476685
FRA,Europe,5141.894565697316,3653.983726290577,8.203573283258242,8.545176883083782,0.014852330427197372
GAB,Africa,252.9824024312531,272.2031562067561,5.606548685325587,5.5333199307007215,-0.0031838588967332657
GMB,Africa,25.74408289575728,87.07213564939808,4.46673692049881,3.248204810247845,-0.05297965696743324
GEO,Asia,568.0519442952959,149.35305154850607,5.006312976649609,6.342212865763855,0.058082603874532464
DEU,Europe,6381.6642646840255,4197.080548684979,8.342144455116303,8.761184198855233,0.018219119292996945
GHA,Africa,70.25730928976569,19.618345337609355,2.976465115086863,4.252164349630764,0.055465184110604394
GRC,Europe,1963.8464035677866,1497.4358547793345,7.311509494200268,7.582660279933453,0.01178916459709499
GRD,Americas,526.3918687189338,411.5280573029427,6.019877200788986,6.26604593292929,0.010702988353926295
GTM,Americas,392.0122219546096,218.59401128810512,5.387216179612845,5.971293017760061,0.025394645136835484
GIN,Africa,59.330099669586644,45.67318842235464,3.8215114391316782,4.0831167601880125,0.011374144393753664
GNB,Africa,82.13543772349323,29.328561766364725,3.3785618455226283,4.408369564296467,0.04477424864234081
GUY,Americas,505.03242192433066,106.2368047042103,4.665670609072986,6.224622629044868,0.06778052260747311
HTI,Americas,54.4146853329153,74.9667778964024,4.317045054018635,3.996634068404397,-0.013930912418010352
HND,Americas,249.15301204389363,143.42057055469118,4.965781366655212,5.518067213933462,0.024012428142532634
HUN,Europe,1420.9935006963726,827.5954317678542,6.718524426000974,7.2591115543332085,0.023503788188358004
ISL,Europe,7099.327803213975,5060.235980132686,8.529168397583927,8.867755382943724,0.0147211732765129
IND,Asia,84.68669733441952,34.69432913613189,3.5465762481257124,4.43895853305915,0.038799229779714686
IDN,Asia,131.77730832607932,38.790599508422474,3.658177936563754,4.881113439765455,0.05317110883485658
IRN,Asia,267.05903261622535,143.4922462051525,4.966281000326247,5.587469729903063,0.027008205633774606
IRL,Europe,6825.955724231304,2851.5248745169642,7.9556091738680195,8.828487643103879,0.03795123779286344
ISR,Asia,3691.3402252456244,2400.906046405627,7.78360146442922,8.213744875765332,0.018701887449396173
ITA,Europe,3284.1951484313295,2815.6175473026074,7.9429368938862455,8.096876892811451,0.006693043431530693
JAM,Americas,520.1570100632279,381.23216962064174,5.943408558619802,6.254130708429316,0.013509658687370186
JPN,Asia,3633.935731281688,2024.5448151075748,7.613100171610304,8.198071563406687,0.025433538773755794
JOR,Asia,342.1039438393454,354.82641430982653,5.871628696113618,5.835114620240246,-0.0015875685162335636
KAZ,Asia,489.714561097557,200.93030112193702,5.302958087336343,6.193822692996767,0.03873324372436625
KEN,Africa,84.95899115521863,47.30097197777446,3.856530844499746,4.4421686830730645,0.025462514720579067
KIR,Oceania,238.12764715198585,133.5426939491248,4.894421231575987,5.472806862467936,0.02514720134312819
KWT,Asia,1674.0589985778115,964.3975379528559,6.8715035933722515,7.42300649450113,0.023978387005603407
KGZ,Asia,96.2936846455865,52.78173840115728,3.9661652672731558,4.567402736649323,0.02614075953809424
LAO,Asia,27.417734046195676,31.32830531469577,3.444522012045496,3.3111900319956837,-0.005797042610861394
LVA,Europe,1644.8020408364782,473.96144288152584,6.161125974254661,7.405375316041009,0.054097797468971635
LBN,Asia,260.81195457179126,486.32213014654815,6.186871223564425,5.563799667083987,-0.027090067673062525
LSO,Africa,122.6398274405768,37.10986490924382,3.6138828347868133,4.809251827522262,0.05197256490154125
LBR,Africa,103.94123109299929,5.429698427741803,1.691883594234446,4.6438256537760685,0.1283453069365923
LBY,Africa,470.4034710109832,288.9065353916794,5.6661032288559205,6.153590775407073,0.02119511071961533
LTU,Europe,2033.999761077866,587.3283632697166,6.3755840557088685,7.617759459144322,0.05400762623632407
LUX,Europe,7447.642347638266,6888.347960400549,8.837586561730665,8.915652797884235,0.003394184180589971
MDG,Africa,17.44003569069777,21.204199215350066,3.054199238259225,2.8587684649637035,-0.008496990143283539
MWI,Africa,41.26664808465867,11.091487826161513,2.406177951620852,3.720054621291299,0.05712507259436727
MYS,Asia,450.33853176158397,162.14241572060632,5.0884750584285054,6.109999592737493,0.04441411018734729
MDV,Asia,1159.0282433090135,566.3988975919281,6.339298596035681,7.055337211730514,0.031132113725862307
MLI,Africa,33.98024951594694,35.47868406769659,3.5689320673425176,3.5257794592405736,-0.0018762003522584344
MLT,Europe,3553.3446972977417,1393.7558665434628,7.2397574443787365,8.175644607160423,0.040690746207899434
MHL,Oceania,894.2153619903677,502.77674216995484,6.220146219023221,6.795946643243419,0.025034801053052114
MRT,Africa,92.11445190147093,57.375852609560646,4.04962352856765,4.523031846276757,0.020582970335178568
MUS,Africa,628.5157592546869,164.57154654875072,5.103345409076356,6.443361102106855,0.05826155187089126
MEX,Americas,760.9884073368404,548.396885931678,6.306999269210472,6.634618124285525,0.014244298046741422
FSM,Oceania,507.7784749178726,286.8628625524178,5.659004270734279,6.230045279474689,0.02482786994523523
MCO,Europe,8004.271580214579,5137.19841285753,8.544263153987972,8.987730625689537,0.019281194421807174
MNG,Asia,354.5260439741494,129.7344525820553,4.8654896889091095,5.870781810055434,0.04370835309331847
MAR,Africa,232.24751429039773,80.96219001364724,4.39398225573712,5.447803674904263,0.04581832257248447
MOZ,Africa,52.961666389488826,6.286678900295399,1.8384329344995818,3.969568376192062,0.09265806268228176
MMR,Asia,56.18909900445399,7.3146556751091145,1.9898799622923187,4.028722770193163,0.08864533947394973
NAM,Africa,397.090654220702,344.3560948549789,5.841676281427447,5.984164602782694,0.006195144406749851
NRU,Oceania,2292.373214084621,1711.7410751821683,7.445266304131683,7.737342897948969,0.01269898233988203
NPL,Asia,83.9601952085295,20.411527416764784,3.016099810707801,4.430342819967946,0.06148882648957154
NLD,Europe,6348.3942016700885,3942.846119962433,8.279658106984318,8.75595717828003,0.02070865527372659
NZL,Oceania,4971.138551808019,2560.3400764828175,7.847895371026942,8.51140417772557,0.028848208986896873
NIC,Americas,216.55238245954726,89.25684091903456,4.491518066675136,5.377832469491352,0.03853540881809637
NER,Africa,26.013015206955828,20.956039796341837,3.042426900587014,3.2585969976535836,0.00939869987245954
NGA,Africa,66.82009279326026,27.939122461559116,3.330027945374198,4.202003825632529,0.037911994793840484
MKD,Europe,640.811138085291,392.989063413102,5.973781783016653,6.462734777134445,0.021258825831208344
NOR,Europe,8250.336282299011,5804.61101612231,8.666407883466897,9.018009239988789,0.015287015500951809
OMN,Asia,732.0409352712956,628.4522172439305,6.443259998479716,6.595836434899477,0.006633758105206983
PAK,Asia,30.486083839238415,19.56082660708812,2.9735289237898193,3.4172703119256935,0.019293103831994535
PLW,Oceania,1683.8932774863201,1258.1074099214015,7.137363815111143,7.42886381837973,0.012673913185590751
PAN,Americas,1557.812859896666,558.6114964817208,6.325454234183147,7.351038103617178,0.0445906030188709
PNG,Oceania,85.15020972024453,47.5159487605,3.861065418063634,4.444416870056275,0.025363106608375718
PRY,Americas,526.5099020539297,239.55804847813476,5.478795761087136,6.266270138717079,0.034238016418693167
PER,Americas,445.52668156922937,174.43784680018362,5.161568499400239,6.099257136406407,0.040769071174181194
PHL,Asia,194.0548481413112,55.65774788509803,4.01922129327946,5.268140841482781,0.05430084992188351
POL,Europe,1580.836957048853,495.7183170507702,6.206007856231599,7.365709705420258,0.050421819529941694
PRT,Europe,2746.1895616750157,1987.1335805175743,7.594448467527988,7.917969615873587,0.014066136884591273
QAT,Asia,2023.815699817879,1267.5053495783563,7.144805956031072,7.612739968859145,0.02034495707948145
KOR,Asia,3045.9993656486035,647.3071114955341,6.472820851889282,8.021584325197896,0.06733754231776581
MDA,Europe,458.01902006919045,144.87150479073995,4.97584717567943,6.126910711787249,0.050046240700339965
ROU,Europe,1050.6383970682514,285.46324357527783,5.654113276763278,6.957153255604008,0.056653912123510015
RUS,Europe,1014.5935091339462,359.06232149122224,5.883495970890568,6.922243327649033,0.04516292855471588
RWA,Africa,52.656308601374754,12.188596645089879,2.500500813411486,3.963786052890563,0.06362109736865552
KNA,Americas,1294.8838675259374,693.4485093493852,6.541676989484899,7.166176292526214,0.02715214361049195
LCA,Americas,641.0731818674798,522.8218015124909,6.259240682319933,6.463143618683968,0.00886534505930585
VCT,Americas,469.2048033406915,234.70134158912052,5.458313819027775,6.151039354025921,0.03011850152165854
WSM,Oceania,292.81084342006983,139.93249245249558,4.941160109547168,5.679526814939922,0.03210290023446757
SMR,Europe,3908.7493276366495,3723.072658026052,8.222304589671015,8.270972736757107,0.002116006395047474
STP,Africa,171.0520420568734,193.3485863460203,5.264494706653525,5.141967849714663,-0.005327254649515729
SAU,Asia,1801.5097945623456,1266.559887949447,7.144059754505729,7.496380367066149,0.015318287502626952
SEN,Africa,73.22671021116003,43.132962880612425,3.7642875048134106,4.293560248004871,0.02301185839962872
SRB,Europe,986.3692384953188,307.7268820954851,5.7292126431381405,6.894030765734613,0.050644266199846646
SYC,Africa,818.6060744439177,560.6003930629604,6.3290083398773564,6.707602984558401,0.01646063672526279
SLE,Africa,35.76204760663802,19.332536036722363,2.961789481548061,3.5768872083594965,0.02674337942658415
SGP,Asia,3836.4071581465473,1505.7796657909853,7.3170660934006735,8.252291571701953,0.04066197731744693
SVK,Europe,1814.1518910630132,607.9147851907207,6.410034716207091,7.503373359839495,0.04753646276662624
SVN,Europe,3032.766159247559,1608.6261506142662,7.383135771091693,8.017230405885966,0.0275693319475771
SLB,Oceania,111.35539551823723,94.23392045656624,4.54578020653802,4.71272684801429,0.00725854962940303
ZAF,Africa,536.5884663830743,361.39767506398414,5.889978944999594,6.285231443878817,0.01718489125561837
ESP,Europe,3089.454920439139,1923.2806207776835,7.561787663583773,8.035749953178895,0.020607056069353143
LKA,Asia,139.9296850334704,77.52738680691189,4.350631252089649,4.94114004667872,0.02567429541691616
SDN,Africa,21.083081668908587,43.3016489924448,3.768190717249699,3.0484709022157204,-0.03129216587104255
SUR,Americas,297.04589992347593,272.62863331335524,5.608110551579637,5.69388667205871,0.003729396542568392
SWE,Europe,6197.350222906237,3100.6885054263703,8.039379464337648,8.731877096276648,0.030108592693000008
CHE,Europe,11759.462119240816,7522.532023825404,8.92565806556731,9.372413482246802,0.019424148551282272
SYR,Asia,33.34018051543998,99.36981561118584,4.598848401663266,3.506763291688314,-0.047481961303258775
TJK,Asia,85.1470220891266,15.284605954745212,2.7268461751442965,4.444379433967803,0.07467535907928288
THA,Asia,326.5048264918474,122.35129530235476,4.806896376692916,5.788444731124369,0.04267601541006318
TGO,Africa,59.60504069573906,23.890477197714898,3.1734799359274626,4.087740145926867,0.03975044391301759
TON,Oceania,357.5458650901014,115.56798856840854,4.749859002391905,5.8792636478634215,0.0491045498031094
TTO,Americas,1402.7325662090955,520.2430234609379,6.254296055209659,7.246177446258783,0.04312527787170104
TUN,Africa,317.70985027154427,137.84115542836042,4.926101974572531,5.761138545741457,0.036305937876909826
TKM,Asia,581.3822171374688,141.79220441110797,4.954362636642563,6.365408401378143,0.06134981585806867
TUV,Oceania,1723.4775357315727,927.2302158277599,6.832201879747101,7.452099351773671,0.026952064001155206
TUR,Asia,560.2989548460714,259.1346404550912,5.557347773942685,6.328470489222491,0.033527074577382875
UGA,Africa,45.21318383077055,27.891054224442435,3.3283060002954903,3.8113887219804377,0.02100359659499771
ARE,Asia,2437.7888333869614,1529.6595627471045,7.332800481619473,7.798846691600432,0.020262878694824314
GBR,Europe,5407.80206593909,2895.938225549218,7.971064422321337,8.595598016819839,0.02715363454341311
TZA,Africa,36.256199410898176,19.352994114944853,2.962847142128097,3.590610384910407,0.02729405403401348
USA,Americas,13740.056073962598,7629.440917130859,8.939769847299035,9.528070646842437,0.025578295632321845
URY,Americas,2076.09394213126,1274.7257501801028,7.150486336557697,7.638243494770275,0.021206832965764238
UZB,Asia,192.11869145492778,50.51716689741538,3.9223132170779724,5.258113365691437,0.05807826733102019
VUT,Oceania,143.43730464022653,119.7295136421075,4.785235145598289,4.9658980382685876,0.007854908376969498
VNM,Asia,197.19210379819626,55.87799778731714,4.023170703169113,5.284178399775552,0.05482642159158432
YEM,Asia,47.78109677445766,56.59427987212662,4.035907917772078,3.8666300963110123,-0.007359905280915892
ZMB,Africa,79.55635126834122,33.1443594994121,3.5008725513072765,4.376465591550763,0.03806926261928201
PSE,Asia,361.96910476162816,259.04587187955843,5.557005157521234,5.891558862221244,0.014545813247826523
