iso3_code,country_name,base_che,shock_che,base_oops,shock_oops,base_gghed,shock_gghed,che_delta_pct,oops_delta_pp,gghed_delta_pp
AFG,Afghanistan,3028678896.4962587,3483883975.0176463,76.81836835546218,76.65805556714925,3.3513946499999996,3.908377903333334,15.029823037628509,-0.16031278831293605,0.5569832533333345
AGO,Angola,2345665752.541329,2853312729.531309,33.14308709698156,28.25935063128097,45.511157989999994,52.49158986666666,21.64191451573985,-4.88373646570059,6.980431876666664
ALB,Albania,1391074552.8962543,1592701198.6355884,56.41222500772797,55.812186224142074,42.68026733000001,42.997992196666665,14.494309116613632,-0.6000387835858945,0.31772486666665856
AND,Andorra,256434433.4205356,280677364.9266904,12.731999936383808,10.440768813493245,71.32620239,72.51318868,9.453851880491413,-2.2912311228905633,1.186986289999993
ARE,United Arab Emirates,20487920532.774433,24298642151.782444,12.231621143658938,10.465532254022529,51.17391205,63.620449066666666,18.599845762345755,-1.7660888896364089,12.446537016666667
ARG,Argentina,63433540965.87849,65221397290.16964,23.27544148531435,23.887811504722855,61.46165085,60.59955597333333,2.8184715799688025,0.6123700194085053,-0.8620948766666672
ARM,Armenia,2289277489.368041,2311540354.0011115,84.79430364872144,78.53171239588343,12.405081750000004,18.077898026666666,0.9724843203353286,-6.262591252838007,5.672816276666662
ATG,Antigua and Barbuda,87462174.68560417,89158012.34488256,24.265099962466515,19.899298670788102,58.43976212,63.65254974333333,1.9389383643550302,-4.365801291678412,5.212787623333334
AUS,Australia,163030431779.51984,174966826138.28128,15.01641500836574,14.94281767731099,73.50791167999998,74.38028971333333,7.321574400848096,-0.07359733105475108,0.872378033333348
AUT,Austria,53110117258.03253,57076412671.60739,18.759240386204795,16.49688682524072,74.22563934000001,77.028862,7.468059982441454,-2.262353560964076,2.8032226599999888
AZE,Azerbaijan,2820507743.5069766,3138943718.231522,71.34140805662084,63.37291211625051,25.568614960000005,33.11122004,11.2900230626067,-7.968495940370325,7.542605079999994
BDI,Burundi,354791113.45787776,380248303.89837307,22.217195771148713,23.30755195420064,25.1411171,21.102139153333333,7.1752615764198655,1.0903561830519273,-4.038977946666666
BEL,Belgium,65608846032.950035,67773649065.04663,20.59959971638959,20.35162954793152,74.45122527999999,75.07729085333334,3.299559682865615,-0.24797016845807107,0.6260655733333493
BEN,Benin,469670687.3317344,518321907.2577464,54.70105292870377,52.66344350852674,15.19810677,15.070022903333333,10.358581286476795,-2.037609420177027,-0.1280838666666675
BFA,Burkina Faso,993834091.845466,1422591885.6840732,34.67799087852815,40.680324939579144,41.79482269,38.416603089999995,43.1417876843448,6.002334061050995,-3.3782196000000013
BGD,Bangladesh,7170027185.890949,8303676379.825742,76.47038207312889,77.12985676922517,16.974027630000005,16.284756660000003,15.810946939860521,0.6594746960962823,-0.6892709700000026
BGR,Bulgaria,6593366434.234041,7845469159.821797,37.795538146676066,34.776653792302774,59.1558342,62.25914764333333,18.99034033792806,-3.0188843543732915,3.1033134433333274
BHR,Bahrain,1614194350.8416955,1790487711.8140895,29.9793541608217,26.63493178411207,58.27348709,62.62188466,10.9214457899985,-3.3444223767096304,4.348397569999996
BHS,Bahamas,793323816.3365712,882639648.9856113,27.584305992689515,24.53027727446322,50.37773895,55.87172444666667,11.258433291651924,-3.054028718226295,5.493985496666667
BIH,Bosnia and Herzegovina,2224269494.460555,2394417582.546825,29.352811704555773,30.154026246123095,68.72327422999999,67.89791616000001,7.649616582433745,0.8012145415673224,-0.8253580699999787
BLR,Belarus,4179143401.659354,4583122044.194037,25.690031958575165,24.770572817203707,70.38101959000002,70.88849894333333,9.6665417696430591,-0.9194591413714583,0.5074793533333093
BLZ,Belize,131371353.38535868,130914935.09677073,22.679476029081677,23.218714525762177,68.81703949,67.60655339333334,-0.34742603834574676,0.5392384966805004,-1.2104860966666564
BOL,Bolivia (Plurinational State of),3005991099.9264364,3259553692.8036904,23.991598512898033,23.13069050199988,71.08983612,69.62744903333333,8.435240972052755,-0.8609080108981537,-1.4623870866666664
BRA,Brazil,195476920059.0152,195668620840.65326,24.87984711132035,26.20325900735212,40.74080658,44.47370656333334,0.09806824334053675,1.3234118960317716,3.73289998333334
BRB,Barbados,366993884.7831563,385548343.4014433,46.69363851055895,42.81633649295554,44.879795070000014,49.57253392333334,5.0557950384514445,-3.877302017603405,4.692738853333324
BRN,Brunei Darussalam,339190867.79800206,321906383.3873647,5.500123099188898,6.866779953289829,94.35351563,93.07339986,-5.095798870661455,1.3666568541009303,-1.280115770000009
BTN,Bhutan,93859322.9141662,114693157.57526387,17.790430802967805,23.987212094981857,73.56784821,60.33615239666667,22.196872952248007,6.196781292014052,-13.231695813333324
BWA,Botswana,1068594381.5843024,1059334193.7489296,4.495910074503887,4.536311144603782,71.43073272999999,75.01296742333334,-0.8665765041402906,0.04040107009989491,3.5822346933333478
CAF,Central African Republic,195718340.6937254,240357668.93648645,60.55824678400653,48.965353207580264,10.55165958,14.143828393333331,22.80794333557936,-11.592893576426263,3.5921688133333305
CAN,Canada,225609551961.35635,248002483052.8981,15.428360923643544,14.278475095285302,69.53730773999999,72.52263896,9.92552438354974,-1.1498858283582418,2.985331220000006
CHE,Switzerland,95322780720.83205,101314131370.76546,21.896412627828084,21.275558131282093,33.510017399999995,35.42687098333334,6.285329282913006,-0.6208544965459915,1.9168535833333422
CHL,Chile,29115164999.046776,31211232865.830944,32.3417060868721,32.425434879712185,51.2644577,53.68302536,7.199230596332849,0.08372879284008405,2.418567660000001
CHN,China,796930673058.6183,918665916887.7864,35.23002022441529,33.60448207515644,55.97903823999999,55.49511209999999,15.275512405859404,-1.6255381492588512,-0.4839261399999941
CIV,Côte d'Ivoire,2079362187.477133,2581629174.4777284,37.2604636491989,30.969465876510007,30.205005649999997,39.99807612,24.154858159173813,-6.29099777268889,9.793070470000004
CMR,Cameroon,1622139348.4300947,2013922530.8830054,72.18878148085457,70.09039774917677,11.1423645,13.468503316666666,24.152251952465004,-2.0983837316777993,2.326138816666667
COD,Democratic Republic of the Congo,1925409843.1583977,2286142309.7248607,38.49700449552145,38.641062286270085,15.81804085,17.068623226666666,18.735360050654247,0.1440577907486329,1.2505823766666673
COG,Congo,338232777.88479596,444814322.85980695,42.172037159984626,25.23232316760768,43.84064484,42.624591826666666,31.511299892795513,-16.939713992376944,-1.2160530133333367
COK,Cook Islands,11981923.063088857,16959560.65610199,2.789628132144439,1.9184325540842542,92.92749786,93.646698,41.54289396455141,-0.8711955780601848,0.7192001399999981
COL,Colombia,25814166881.384094,28394605481.010838,14.750144474587598,14.19414524635874,69.91674805,71.43163553666666,9.996211039790047,-0.555999228228858,1.514887486666666
COM,Comoros,63893563.17909223,87645207.9544367,61.82796487522851,53.65261911851533,16.06903648,15.612930296666667,37.17376773739969,-8.175345756713178,-0.4561061833333344
CPV,Cabo Verde,120705831.85980453,148817395.93164212,24.941140314738536,23.067760488308178,67.16694641000001,65.85424931666667,23.28931720920341,-1.8733798264303587,-1.312697093333341
CRI,Costa Rica,5500949741.2370405,5869596351.605003,22.324563959712584,21.07961705313366,72.53588103999999,70.36784362666667,6.701508425071749,-1.2449469065789245,-2.168037413333323
CUB,Cuba,NA,NA,10.850162170970515,9.482362162592578,89.01757813,90.48343658666667,NA,-1.3678000083779374,1.4658584566666661
CYP,Cyprus,1997207071.3740745,2615585336.190442,33.72646693891906,18.547598149973382,54.16415787000001,75.62775675666667,30.962150779434435,-15.178868788945678,21.46359888666666
CZE,Czechia,25378052705.3131,29480855677.9381,14.30902132018663,12.615187593196813,84.55741882,86.41953023333335,16.16673674795405,-1.6938337269898174,1.862111413333352
DEU,Germany,514534952440.2197,557590614725.1868,12.3754851869455,11.044462180203267,77.85022735999999,79.73928833,8.367879010118246,-1.3310230067422335,1.8890609700000027
DJI,Djibouti,79236319.82530053,89814367.49443792,28.161220905108586,29.446138945162268,53.27128983,38.29134559333333,13.349998703195409,1.2849180400536824,-14.979944236666668
DMA,Dominica,34297684.55153623,36064968.44670287,33.85964321183426,25.454264604902807,64.46092224,67.32002131333334,5.152779023642506,-8.405378606931453,2.85909907333334
DNK,Denmark,37771791347.231834,39419641662.833374,13.794443749594778,13.28940459835416,83.70944214,84.42651366999999,4.3626480419025855,-0.5050391512406183,0.7170715299999983
DOM,Dominican Republic,4660752869.20562,5350665190.682486,27.333487826393903,24.321752246760603,61.00006485,64.09275945,14.802593933594565,-3.0117355796332994,3.0926946000000015
DZA,Algeria,12611270226.83745,10879892206.512774,37.92312965155471,43.425015707105715,60.472328190000006,54.394849140000005,-13.728815489499324,5.5018860555510045,-6.077479050000001
ECU,Ecuador,8822865514.423752,9083900074.995825,29.07480277995321,30.082677048462447,62.90171813999999,62.286360423333335,2.958614297648874,1.0078742685092372,-0.615357716666658
EGY,Egypt,12887062869.191963,13654171577.299417,62.50646487001317,55.98128767958244,28.20387077,35.10120519,5.95254881499273,-6.525177190430732,6.89733442
ERI,Eritrea,97950224.04609784,88754606.73279382,46.44067699639667,50.84111631062834,15.956349370000002,21.32840284,-9.38805133204834,4.400439314231669,5.372053469999997
ESP,Spain,144134358882.90634,152274295598.3484,23.84757856746013,21.33111368262463,69.43850708,72.54496256333334,5.647464475874812,-2.5164648848355,3.106455483333349
EST,Estonia,2718267543.4370637,3033925625.8162017,23.924581514741487,22.241817593961393,74.36911011,75.95293680666666,11.612472920160387,-1.6827639207800935,1.5838266966666623
ETH,Ethiopia,4032810054.170658,4446645498.556559,37.819413665454846,38.22761427227902,22.53820801,28.008503596666664,10.26171425946331,0.4082006068241739,5.470295586666662
FIN,Finland,27222925581.978436,28736383222.124203,17.42399447232526,16.4091277765154,80.19264983999999,81.46925354,5.55949666610291,-1.0148666958098573,1.2766037000000097
FJI,Fiji,229277306.61999875,245537306.29516545,19.149045408058814,18.51303687624192,61.70609664999999,62.68760427,7.0918486939991014,-0.6360085318168949,0.9815076200000092
FRA,France,332841766127.5603,351078903089.294,10.31887924038527,9.2801749701780345,74.57907867,75.71162160333333,5.479221305040303,-1.0387042702072353,1.1325429333333261
FSM,Micronesia (Federated States of),53519693.45813589,53501338.26974328,2.694893206113451,2.701413711901661,14.72969437,12.388147036666666,-0.03429613887263224,0.0065205057882096185,-2.3415473333333345
GAB,Gabon,528080880.6799074,580225994.4460944,23.08802189604682,19.95136624543952,60.31093597000002,59.86871973666667,9.874455916497082,-3.136655650607299,-0.4422162333333475
GBR,United Kingdom of Great Britain and Northern Ireland,328047898646.1487,372080926867.45636,16.036819700245914,13.271329716764377,79.73165130999999,83.31011963,13.422743569774923,-2.7654899834815367,3.578468320000013
GEO,Georgia,1814259366.66601,2408180031.0966935,56.998372423160795,54.553493779794366,36.80368423,39.553783419999995,32.73626005977896,-2.4448786433664296,2.750099189999993
GHA,Ghana,2318466710.370764,2983046471.3407598,28.97685078655046,25.093658620205318,60.59480667,55.61648432333333,28.664623822169006,-3.883192166345143,-4.9783223466666655
GIN,Guinea,774597153.245648,795663913.5527413,59.215427862221134,54.91363506484997,22.52398682,19.086364743333334,2.71970536153163,-4.301792797371164,-3.437622076666667
GMB,Gambia,64522044.25130349,81725352.77665165,20.29882369396628,27.303743653404684,40.93360901,42.199483236666666,26.662683622273203,7.0049199594384035,1.2658742266666678
GNB,Guinea-Bissau,120781490.28113736,155367607.90349707,69.62321254856207,61.30525288659138,6.42007589,13.12171014,28.63527974514575,-8.317959661970683,6.70163425
GNQ,Equatorial Guinea,430073208.7288487,424516574.40349716,73.7735039488178,67.39358623631942,24.54846001,30.35623995666667,-1.2920205705849646,-6.379917712498383,5.80777994666667
GRC,Greece,18513068100.7049,19952256759.854828,33.642736335472605,33.43428312935505,48.77410126000001,55.894753773333335,7.773906795573938,-0.2084532061175537,7.120652513333326
GRD,Grenada,64373447.35415621,61724747.11533614,54.42095676894138,52.60976265834577,41.39058304,41.388963063333335,-4.11458504660782,-1.8111941105956078,-0.0016199766666673554
GTM,Guatemala,5634490031.168998,6714777288.709393,55.989178788268376,58.31572892203354,38.4250946,36.321384433333336,19.172760117853393,2.326550133765167,-2.1037101666666658
GUY,Guyana,220410019.98580435,341837010.59808755,35.02374497310836,25.133409602671144,59.22204971000001,70.52618408333333,55.091411279806515,-9.890335370437214,11.304134373333326
HND,Honduras,2285158863.573423,2759016278.567731,52.326352671749554,51.36056947012046,39.44809341000001,38.272755939999996,20.73630076874884,-0.9657832016290939,-1.1753374700000165
HRV,Croatia,5004263329.202037,5769862520.20051,11.4647584308415,9.678956262509171,81.54315947999999,83.44713592333333,15.298938937343113,-1.785802168332328,1.9039764433333488
HTI,Haiti,847329356.7224649,725692508.7610632,39.03829003784893,46.38983429509245,10.418021199999998,11.638285320000001,-14.355320867425434,7.351544257243518,1.220264120000003
HUN,Hungary,12606822810.237137,14496979288.917776,27.78665929739955,24.93377415947857,68.32543945,71.79095204666666,14.99312322487608,-2.8528851379209783,3.465512596666656
IDN,Indonesia,35131668208.75727,40662216799.20989,34.55001228455235,30.442153089151827,48.56188965,55.44821675666667,15.742345503177733,-4.1078591954005255,6.88632710666667
IND,India,88681006806.3178,103952382805.92444,52.00421050753484,46.38714280006109,35.066108699999994,39.0162646,17.220571292069142,-5.617067707473751,3.9501559000000057
IRL,Ireland,28548889094.107937,33994957878.313686,12.656584651627009,11.504055228922446,73.82551575,76.93350728333333,19.076289680671803,-1.1525294227045624,3.1079915333333332
IRN,Iran (Islamic Republic of),21224858213.973965,18956133953.214676,39.13536027069049,40.230932110909464,44.1107254,47.83054479333333,-10.68899607190597,1.0955718402189731,3.7198193933333314
IRQ,Iraq,11828972712.142715,12868319914.321894,50.096962558773264,52.554376628461334,49.36284256,46.71235402333333,8.786453629335574,2.4574140696880704,-2.650488536666664
ISL,Iceland,2414781165.635887,2622949711.5825024,15.425638485174122,14.362456905837647,82.92933654999999,83.96872457,8.620596719446333,-1.0631815793364758,1.0393880200000183
ISR,Israel,31830124584.35099,35483344480.79991,21.35632742288074,20.863066104246442,64.81515503,67.14542643333333,11.477240331773617,-0.49326131863429623,2.3302714033333274
ITA,Italy,189454010333.1567,198933618585.84982,23.87487373493666,22.539443344095776,73.24338531000001,74.68731689333333,5.003646128167534,-1.3354303908408838,1.443931583333324
JAM,Jamaica,1330721048.823741,1454535730.932607,26.892485733256688,21.807736156144614,57.086463929999994,64.30768331,9.304330326653282,-5.084749577112074,7.221219380000008
JOR,Jordan,3337466680.8780336,3692797686.5370507,36.00002781605146,35.70435099717918,42.94781876,44.22866567,10.646728181434167,-0.2956768188722734,1.280846910000001
JPN,Japan,458461482811.3375,489011582907.8228,12.901772064284804,11.175478055300658,83.96395111,85.89386240333333,6.663613246013303,-1.726294008984146,1.9299112933333333
KAZ,Kazakhstan,6637443283.166784,9192371100.028267,33.863827732237056,27.867808148486105,59.93826294,64.1994222,38.49265007417891,-5.99601958375095,4.2611592599999994
KEN,Kenya,3974243535.776947,4320124212.524614,24.29976356702487,23.331451341188355,45.97900772,48.109978993333335,8.703056912189181,-0.9683122258365131,2.130971273333337
KGZ,Kyrgyzstan,555021306.0698527,661662676.1380215,46.18142704766504,41.65706841663195,51.421772,50.82256317333333,19.21392366417503,-4.524358631033088,-0.5992088266666684
KHM,Cambodia,1993025262.4475815,2090977034.641242,64.39125045114997,54.294780132419405,24.30771637,33.685389199999996,4.91472807892904,-10.096470318730567,9.377672829999995
KIR,Kiribati,25561613.908186533,31751832.0776875,0.6305582597265468,0.7130993257739875,90.80039215,75.18123118333332,24.216851845643617,0.08254106604744071,-15.61916096666667
KNA,Saint Kitts and Nevis,56594769.278312005,55056705.05457807,46.35456343132065,41.44030026260904,49.27016448999999,54.648268380000005,-2.7176791130118483,-4.9142631687116065,5.378103890000013
KOR,Republic of Korea,130758434428.61194,147817730572.21024,32.83717325268308,30.262960404555116,57.60768889999999,60.46004231999999,13.046421225631825,-2.5742128481279636,2.85235342
KWT,Kuwait,8544219630.5901165,8450655800.365459,10.720565943749476,10.38281040109646,88.14811707000001,88.52151743666666,-1.0950541333193113,-0.33775554265301544,0.3734003666666439
LAO,Lao People's Democratic Republic,382895124.89202905,340078927.9406255,41.83228506694637,33.48308660225465,36.93346785999999,31.902535120000003,-11.182225671710267,-8.349198464691717,-5.03093273999999
LBN,Lebanon,3040767063.811027,1498810075.6423118,30.7113191834763,31.70187154251286,49.292972559999995,34.05632718333333,-50.70947414946555,0.9905523590365597,-15.236645376666665
LBR,Liberia,351118347.10373175,514059712.1652408,54.67374698173035,62.39228797684567,16.178478239999997,9.371999106666667,46.40639442671189,7.718540995115319,-6.80647913333333
LBY,Libya,2669661760.2417216,2315518509.6858163,28.01715833917942,25.79399541389754,71.29649353,72.94742584000001,-13.265472646386478,-2.22316292528188,1.6509323100000017
LCA,Saint Lucia,100385728.5443703,120197631.19791633,41.82805128674472,35.39831758492578,48.46842575000001,44.905572256666666,19.735776131553614,-6.4297337018189396,-3.5628534933333427
LIE,Liechtenstein,439364350.05024576,435047037.5702219,21.595393409397815,18.907249334099628,64.9977951,68.36089579333333,-0.9826269426570755,-2.6881440752981867,3.3631006933333225
LKA,Sri Lanka,3445413555.8368473,4004966024.434407,44.29746702289316,41.17887494611766,46.85599518000001,44.09081776666666,16.240502323723277,-3.1185920767754993,-2.7651774133333475
LSO,Lesotho,490848817.86458015,245144310.48736176,7.293498667894426,14.48042409395896,30.80852509,46.242230729999996,-50.057064096873425,7.186925426064535,15.433705639999996
LTU,Lithuania,5061226824.6488495,5721720075.529808,32.270224270586894,30.131484774825083,65.08876801000001,67.15085601666668,13.050062243096248,-2.1387394957618113,2.06208800666667
LUX,Luxembourg,4581445044.141006,4918548890.178602,9.58771718744367,8.61781445019124,85.87232971,87.162323,7.358024439662371,-0.9699027372524309,1.2899932899999982
LVA,Latvia,2702772778.980979,3344627372.011731,35.105003905643585,29.865555226182654,59.857082370000015,65.83324814,23.74800419859006,-5.239448679460931,5.97616576999998
MAR,Morocco,6880308657.917924,7634321858.516365,46.55796967613804,41.91581226778427,40.30397415,44.820267996666665,10.959002540252545,-4.642157408353775,4.516293846666663
MCO,Monaco,313500357.4431983,312812702.1988466,6.710717756342379,6.862247855376736,86.12072753999999,88.09496053333334,-0.21934751525007043,0.15153009903435688,1.9742329933333451
MDA,Republic of Moldova,1076693504.6360576,1185374910.1912446,35.69370099788964,30.684126994802355,59.674007419999995,64.96516927,10.093996581870652,-5.0095740030872875,5.291161850000009
MDG,Madagascar,466628281.08329344,506482561.38184786,34.22468020761321,31.356360622368573,22.013061519999997,22.668895720000002,8.540905451772309,-2.868319585244638,0.6558342000000046
MDV,Maldives,449628072.4401161,473789410.3073848,17.46362155443815,18.09879239625911,78.3404007,73.59548441666666,5.373627526445564,0.6351708418209618,-4.744916283333339
MEX,Mexico,91334816979.56592,97703932579.86778,42.28219103047116,39.74057508272761,49.16729355,51.62360763333334,6.973370956364657,-2.5416159477435514,2.4563140833333463
MHL,Marshall Islands,41598161.169143975,34501005.582351804,1.1246551562668152,1.1776251936151947,44.466362,42.65830866333333,-17.06122431213759,0.05297003734837946,-1.8080533366666671
MKD,North Macedonia,1066603223.8029844,1174897147.1146803,39.088062141755266,40.275806763848,60.24808502,57.254015603333336,10.153159196872936,1.1877446220927368,-2.9940694166666617
MLI,Mali,735910678.5035353,703908396.95192945,31.079233971544937,46.55948500946827,29.228166580000003,38.31804402666667,-4.3486638373942395,15.480251037923331,9.089877446666666
MLT,Malta,1619923477.5838373,1841933495.7298687,34.13107865813663,29.99842760440819,62.51036835000001,67.02393849666666,13.704969476531431,-4.132651053728441,4.513570146666652
MMR,Myanmar,3094958005.8752127,3262607978.167974,76.56387380929587,63.936967116229305,15.95957279,14.772160846666669,5.416873895364928,-12.626906693066566,-1.1874119433333306
MNE,Montenegro,579089003.2432555,698843287.5384383,38.55629106956669,33.36805780980454,60.83509064,64.91681798333333,20.679771783695596,-5.18823325976215,4.081727343333334
MNG,Mongolia,834740775.8416561,1266921014.2549877,43.10778273242525,37.843217838687636,47.15842438,49.57469558666666,51.77418558205342,-5.264564893737614,2.416271206666657
MOZ,Mozambique,1487965436.0529857,1563628055.8673267,9.710028949674545,10.052069321532853,23.10848618,28.61227099333333,5.084971598200939,0.3420403718583085,5.503784813333329
MRT,Mauritania,288648548.9284366,366673972.76608986,60.29301432179047,50.473019329035665,35.618480680000005,36.52465184333334,27.0312891325145,-9.819994992754808,0.9061711633333331
MUS,Mauritius,796341886.6104095,776831507.136367,47.12637889764759,42.67151931912611,43.97513961999999,47.357783000000005,-2.4500004083783056,-4.454859578521479,3.3826433800000117
MWI,Malawi,781715629.537191,904424537.9033914,11.854195905217448,12.209782502548515,24.06981468,17.848468463333333,15.697384538524481,0.355586597331067,-6.221346216666667
MYS,Malaysia,13938613127.185793,14858436822.996557,36.062657643668835,34.732935102515924,52.334529880000005,53.36755371,6.599104856542329,-1.3297225411529112,1.0330238299999976
NAM,Namibia,1048697386.686222,1110878274.3791354,7.526854752691994,7.265928153292737,59.48091887999999,64.13687006666666,5.9293451554598375,-0.2609265993992569,4.65595118666667
NER,Niger,792314881.7241483,820269902.730266,46.09528950358962,42.13901575699845,35.690341950000004,36.42764027666667,3.528271606521522,-3.9562737465911724,0.737298326666668
NGA,Nigeria,10034309245.121286,13325352799.785294,71.49702688632999,75.55233557517474,15.73634243,14.31814289,32.797908398768186,4.055308688844747,-1.4181995399999998
NIC,Nicaragua,1296203955.429839,1459726401.512748,33.2176118187935,32.92433952120397,61.56835937999999,60.94461695333334,12.615487354278503,-0.29327229758953166,-0.6237424266666522
NIU,Niue,2368430.3028592053,3617694.3477577567,0.9714521657957926,0.5484580228093554,72.9017868,53.75046921,52.746498108490705,-0.4229941429864372,-19.151317589999998
NLD,Netherlands (Kingdom of the),106834265472.08784,117067557553.9457,10.42366611277548,10.707606039523249,65.99391174,68.60253397333334,9.57866096297677,0.28393992674776847,2.6086222333333353
NOR,Norway,47563088761.2252,45144432806.897026,13.918727077568043,13.90520579146468,85.71699523999999,85.84874470999999,-5.085153250812275,-0.013521286103364005,0.1317494700000026
NPL,Nepal,1632603008.4321506,2180298941.602229,57.913130493968126,54.24037307802028,24.80925369,31.31193097666667,33.547404380692115,-3.672757415947842,6.502677286666671
NRU,Nauru,15293024.254475225,19500347.822195612,0.8031395179801237,0.6413830857196912,89.48764801000002,86.37148539,27.51139014566848,-0.16175643226043257,-3.1161626200000114
NZL,New Zealand,20191745025.01833,23935208298.875412,14.40404510255892,13.228198005406322,72.16235352000001,76.84938049333334,18.539572826512966,-1.175847097152598,4.687026973333332
OMN,Oman,3721924676.328543,4085236294.2526627,5.96134702668172,5.85981324147773,87.54851532000002,87.7605896,9.761390933964433,-0.1015337852039897,0.21207427999998174
PAK,Pakistan,7680825146.630809,8351389109.833006,56.083011521500865,51.09315764146393,33.12983321999999,36.84569422333333,8.73036360548241,-4.989853880036932,3.7158610033333446
PAN,Panama,5965977076.112275,6522599113.523934,37.61917676138023,39.267903429209646,56.74044037000001,54.13977305,9.32993925907576,1.6487266678294148,-2.6006673200000066
PER,Peru,13249850500.056805,16143569796.690289,28.347988608476072,24.880872818730044,63.24930572999999,66.50434621333333,21.83963733493505,-3.4671157897460283,3.255040483333346
PHL,Philippines,16770395177.764364,21053445963.16869,48.78687783500652,43.47248809131026,40.60421753,44.98988342333333,25.53935515534639,-5.31438974369626,4.385665893333332
PLW,Palau,40202788.116184376,40504130.93552782,14.83093180827605,16.16230928792304,57.86076736,51.87896728333334,0.7495570169724848,1.3313774796469904,-5.981800076666659
PNG,Papua New Guinea,677810201.1419861,694315820.7333618,9.527100418250154,10.010810837596605,58.32541275000001,59.08136876333333,2.4351388579821847,0.4837104193464512,0.7559560133333179
POL,Poland,46962474847.970566,49232738840.8431,20.090784181904407,19.272468176753,71.38498688,72.60119883,4.834208589351297,-0.8183160051514058,1.2162119500000017
PRT,Portugal,25895241479.51793,28563961383.845974,30.607241812644855,28.757512436259923,60.77597808999999,62.99001439333333,10.305831310508893,-1.849729376384932,2.2140363033333443
PRY,Paraguay,2845398879.01282,3164757834.637359,41.96775350120375,37.578935258341815,46.347465519999986,54.08401108,11.223697246107635,-4.388818242861937,7.7365455600000175
PSE,"occupied Palestinian territory, including east Jerusalem",1712767011.980484,1777743400.5629675,38.696574507366904,35.11233168918305,39.86502075,39.58067067333334,3.793650165374851,-3.584242818183853,-0.28435007666666223
QAT,Qatar,6553425715.935278,6002234930.70633,6.390301737036775,6.729852807706453,85.47602081000001,84.63210550666668,-8.410727596845643,0.33955107066967827,-0.8439153033333326
ROU,Romania,18470055354.104744,20168659757.67002,18.87716407531745,20.463438557540485,80.13863372999998,77.79659271333334,9.19653120144972,1.5862744822230361,-2.3420410166666414
RUS,Russian Federation,109097439042.03471,141812054221.18158,36.57374744594576,27.069397995173887,61.151916500000006,71.29888153333333,29.98660231294896,-9.504349450771876,10.146965033333323
RWA,Rwanda,561593049.7480652,729294410.0429163,10.078193008067066,5.468591094686488,36.01250076,40.07092666333333,29.86172289170657,-4.609601913380578,4.05842590333333
SAU,Saudi Arabia,54008924176.13486,59938755259.316284,11.404073756177793,11.00710461228368,73.78594971,77.47053527666667,10.979354196804508,-0.396969143894113,3.6845855666666694
SDN,Sudan,2274150588.3266892,1547381923.710508,67.5037088384672,51.23943591269635,22.552833559999993,27.33434359,-31.957807382972582,-16.264272925770854,4.781510030000007
SEN,Senegal,1175327304.9572096,1268788462.999019,48.746607661381226,45.21992822502702,23.52870941,29.111224493333335,7.951926042015334,-3.5266794363542076,5.582515083333334
SGP,Singapore,19906466154.9088,23599874816.87964,28.390581642689003,23.770564708762073,51.83863831000001,60.295427956666664,18.55381378708481,-4.62001693392693,8.456789646666657
SLB,Solomon Islands,70741054.67022552,77204049.97973834,3.588588475557233,3.5934240453392685,73.44326782,70.87670389666667,9.136130836105643,0.004835569782035698,-2.5665639233333337
SLE,Sierra Leone,314235102.1818185,297207601.4300004,52.88983771983029,52.893368258810256,13.611790660000002,18.456483206666668,-5.418713769910352,0.0035305389799660247,4.844692546666666
SLV,El Salvador,2731795301.6878533,3007114717.9648104,37.67107033727668,29.67609517121454,53.52661895999999,63.49553171666667,10.078332593472489,-7.99497516606214,9.968912756666676
SMR,San Marino,140636939.3374777,139147620.98647806,11.220835020421251,11.182318057344608,88.77916717999999,88.81768290333333,-1.0589809178268796,-0.03851696307664376,0.038515723333347296
SOM,Somalia,245043477.25057968,274835462.42895025,44.99186531797616,43.10331279001278,6.236894129999998,10.97339821,12.157836443002111,-1.888552527963384,4.736504080000001
SRB,Serbia,5915636535.98115,6548070079.049221,37.03455688569593,33.248466051715425,58.33224487000001,64.54823303,10.690878981853773,-3.786090833980502,6.215988159999995
SSD,South Sudan,681860392.7002883,528686447.2259643,42.19261262958056,34.041039534413486,10.94831944,10.605390866666665,-22.46412126501848,-8.151573095167073,-0.34292857333333515
STP,Sao Tome and Principe,35648000.28807751,47211058.35136756,16.991244979506632,12.903738961570825,40.73101044,41.15131123666667,32.43676495132133,-4.087506017935807,0.4203007966666732
SUR,Suriname,336488471.0753302,189501229.88914073,15.507234615270214,17.637075671438645,72.68489075,67.32327525,-43.68269757250708,2.1298410561684307,-5.361615499999999
SVK,Slovakia,8758012123.050007,9588141960.0863,19.159362156528605,19.13940232380552,78.81660461000001,79.96164194666666,9.478518930699968,-0.019959832723085214,1.1450373366666469
SVN,Slovenia,5432779984.296927,6191383853.247354,11.661239264854231,12.594052258164663,72.37037659,73.09047190333334,13.963456483478401,0.9328129933104314,0.7200953133333314
SWE,Sweden,60851077394.04697,63603798534.38529,13.92440481922457,13.047674900726918,84.87624359000002,85.89842732666666,4.523701564908731,-0.8767299184976522,1.0221837366666477
SWZ,Eswatini,354949666.4037978,323777227.5449804,9.216985709492532,10.798846008438137,52.47699356,47.9636116,-8.782213876869802,1.581860298945605,-4.513381959999997
SYC,Seychelles,90941096.54284112,101040071.54316166,26.274925177510553,26.170467219079395,71.5357132,72.11016337333334,11.104962865235574,-0.10445795843115846,0.5744501733333323
SYR,Syrian Arab Republic,1154175372.5432956,1052226927.5563152,41.66185636709547,55.91446139369017,49.73830795,32.08659045,-8.833011638632597,14.2526050265947,-17.651717499999997
TCD,Chad,573836208.3957497,713532297.4049528,63.703401299354574,65.80572641661745,15.171060559999995,17.82768631,24.344244396801955,2.102325117262872,2.6566257500000052
TGO,Togo,444500391.7355244,489150933.8919617,66.20977898924001,65.8320831534432,15.077075,11.779147783333334,10.045107492954502,-0.3776958357968141,-3.2979272166666664
THA,Thailand,19582172996.117294,24542766622.5582,8.669603209469528,9.599605708076309,71.65908051000001,71.14125061,25.332191822758798,0.9300024986067807,-0.5178299000000095
TJK,Tajikistan,627249149.406276,844526692.1035595,71.22300456670851,66.09100811831011,27.31528473,23.596391676666666,34.63975087139585,-5.131996448398397,-3.718893053333332
TKM,Turkmenistan,4127116936.07766,4046186858.03963,76.63579098195463,77.68609881342647,18.153635029999997,16.804878236666667,-1.9609349405773,1.0503078314718408,-1.3487567933333295
TLS,Timor-Leste,108016595.94254544,202699626.39220366,10.48759166289466,6.01822951812666,57.67988586,63.49969863666667,87.65600287942844,-4.4693621447680005,5.819812776666673
TON,Tonga,28671475.80569428,34603510.02635021,6.247609456558104,5.039552997553031,52.17618178999999,49.47529602,20.689671717134985,-1.208056459005073,-2.700885769999985
TTO,Trinidad and Tobago,1902365229.8148725,1779010194.1350052,46.91285624557354,47.140155526702834,45.978622439999995,46.066987356666665,-6.4842982696793445,0.22729928112929088,0.08836491666667001
TUN,Tunisia,2986443036.6892323,3432945310.2116914,35.576507920563785,35.64925485576515,59.20934677,56.593695323333336,14.950972378748299,0.07274693520136566,-2.615651446666668
TUR,Türkiye,38716875002.25189,42378575296.946304,17.047633618931048,17.39341861984687,77.68532562,77.60196177333333,9.457633898607355,0.34578500091582143,-0.08336384666667129
TUV,Tuvalu,13773959.30899625,11322321.89173249,0.3577028864794222,0.16406977852074264,77.25670624,71.44113668,-17.799075503747943,-0.19363310795867958,-5.81556956
TZA,United Republic of Tanzania,2642091899.7589226,2317405270.2032046,21.821670304228128,27.480675279311306,40.54405211999999,28.93382899,-12.288998334438856,5.659004975083178,-11.61022312999999
UGA,Uganda,1695627599.3009608,2356679439.047732,38.26028573694584,30.37813770540878,15.116747859999998,21.93180911,38.98567350633454,-7.88214803153706,6.815061250000001
UKR,Ukraine,16974088567.428667,18478583807.101982,51.11891973508018,46.57690294169058,44.79043961000001,50.704496385,8.863481733919247,-4.542016793389607,5.914056774999992
URY,Uruguay,6982419712.388171,6617659881.86547,15.461458049718994,16.29393627972547,66.60055542,71.89333343666667,-5.223974575397499,0.8324782300064779,5.292778016666659
USA,United States of America,4190770737569.204,4534147198284.6875,11.308728728100224,10.589341071607233,51.96105957000001,55.85119247333333,8.193635066628675,-0.7193876564929909,3.890132903333317
UZB,Uzbekistan,3972843124.886284,5882544727.712236,57.684970554862176,59.655302846976554,41.58654022,39.70681254,48.06889028321788,1.970332292114378,-1.879727680000002
VCT,Saint Vincent and the Grenadines,42183308.01684417,47788235.70189758,28.089900794019904,26.84134618248473,67.42266846,68.05908457333334,13.287074789903416,-1.248554611535173,0.6364161133333397
VEN,Venezuela (Bolivarian Republic of),3836139127.249659,5415802154.177496,34.1215182278293,27.298672118377635,37.1403389,38.731810249999995,41.17846028333141,-6.822846109451664,1.591471349999992
VNM,Viet Nam,17939010329.874863,17358796299.256435,45.11730727300115,40.831182920998835,40.6199913,42.65175120333333,-3.2343703467975797,-4.286124352002318,2.031759903333331
VUT,Vanuatu,38839170.465837054,45179364.49953511,7.657790146347276,8.145465350686756,54.46388626,43.070818583333335,16.32422618107896,0.48767520433947986,-11.393067676666668
WSM,Samoa,56738318.6999548,61269752.39817639,11.157372070772958,12.963629428342964,76.55202483999999,71.15436045,7.986549129495437,1.806257357570006,-5.3976643899999885
YEM,Yemen,2364193602.7097006,1961760093.3066442,75.34994154007569,72.99362306205595,8.30503654,8.435005026666667,-17.02202006391569,-2.3563184780197446,0.12996848666666772
ZAF,South Africa,31063850160.48353,32363901966.81758,5.741117870349954,6.585964523854656,58.20708084,63.254659016666665,4.185095535864563,0.8448466535047023,5.047578176666661
ZMB,Zambia,1627485018.9371283,1497577377.8294415,7.252382524739965,8.035797445873216,33.440052030000004,49.20474624666667,-7.982109794935399,0.7834149211332511,15.764694216666669
ZWE,Zimbabwe,1011798407.7676001,1069698355.6288837,9.083371177227663,9.339608641574488,14.265299799999998,28.340780893333335,5.722478649579245,0.2562374643468246,14.075481093333337
